{"epoch": 1, "average log likelihood in nats (train)": 120.5688524929154, "average log likelihood in nats (validation)": 897.9657955893987, "_runtime": 73, "_timestamp": 1614034793, "_step": 0}