{"epoch": 350, "average log likelihood in nats (train)": 17.26854345260128, "average log likelihood in nats (validation)": 15.849744061061314, "_runtime": 5533, "_timestamp": 1614041014, "_step": 349}