{"epoch": 3, "average log likelihood in nats (train)": 1754.6026055611612, "average log likelihood in nats (validation)": 1849.2251702803599, "_runtime": 242, "_timestamp": 1613861595, "_step": 2}